Power	0.10	3.66	7.21	10.77	14.33	17.89	21.44	25.00
-2.00000000e+00	6.02414100e-04	2.19598401e-02	4.31801452e-02	6.42656295e-02	8.52185309e-02	1.06041028e-01	1.26735240e-01	1.47303233e-01
-1.99002592e+00	6.08152245e-04	2.21679741e-02	4.35873940e-02	6.48688002e-02	8.60145154e-02	1.07026799e-01	1.27907851e-01	1.48659811e-01
-1.98005171e+00	6.13973913e-04	2.23791130e-02	4.40004749e-02	6.54805397e-02	8.68217186e-02	1.08026356e-01	1.29096734e-01	1.50035070e-01
-1.97007737e+00	6.19880714e-04	2.25933138e-02	4.44194973e-02	6.61010071e-02	8.76403465e-02	1.09039949e-01	1.30302180e-01	1.51429342e-01
-1.96010290e+00	6.25874298e-04	2.28106352e-02	4.48445735e-02	6.67303652e-02	8.84706093e-02	1.10067832e-01	1.31524488e-01	1.52842964e-01
-1.95012830e+00	6.31956351e-04	2.30311371e-02	4.52758183e-02	6.73687802e-02	8.93127223e-02	1.11110267e-01	1.32763961e-01	1.54276281e-01
-1.94015357e+00	6.38128603e-04	2.32548807e-02	4.57133491e-02	6.80164226e-02	9.01669053e-02	1.12167520e-01	1.34020910e-01	1.55729646e-01
-1.93017871e+00	6.44392825e-04	2.34819290e-02	4.61572860e-02	6.86734664e-02	9.10333833e-02	1.13239864e-01	1.35295653e-01	1.57203417e-01
-1.92020372e+00	6.50750830e-04	2.37123463e-02	4.66077521e-02	6.93400898e-02	9.19123863e-02	1.14327578e-01	1.36588514e-01	1.58697962e-01
-1.91022861e+00	6.57204476e-04	2.39461982e-02	4.70648733e-02	7.00164751e-02	9.28041493e-02	1.15430946e-01	1.37899825e-01	1.60213656e-01
-1.90025336e+00	6.63755668e-04	2.41835524e-02	4.75287785e-02	7.07028087e-02	9.37089129e-02	1.16550260e-01	1.39229924e-01	1.61750884e-01
-1.89027798e+00	6.70406355e-04	2.44244778e-02	4.79995995e-02	7.13992815e-02	9.46269232e-02	1.17685818e-01	1.40579157e-01	1.63310035e-01
-1.88030248e+00	6.77158538e-04	2.46690452e-02	4.84774715e-02	7.21060888e-02	9.55584317e-02	1.18837923e-01	1.41947878e-01	1.64891511e-01
-1.87032684e+00	6.84014265e-04	2.49173271e-02	4.89625327e-02	7.28234304e-02	9.65036959e-02	1.20006887e-01	1.43336449e-01	1.66495719e-01
-1.86035107e+00	6.90975637e-04	2.51693977e-02	4.94549249e-02	7.35515109e-02	9.74629792e-02	1.21193029e-01	1.44745239e-01	1.68123077e-01
-1.85037518e+00	6.98044807e-04	2.54253331e-02	4.99547929e-02	7.42905396e-02	9.84365509e-02	1.22396673e-01	1.46174626e-01	1.69774012e-01
-1.84039915e+00	7.05223982e-04	2.56852112e-02	5.04622854e-02	7.50407310e-02	9.94246867e-02	1.23618153e-01	1.47624996e-01	1.71448960e-01
-1.83042300e+00	7.12515427e-04	2.59491119e-02	5.09775546e-02	7.58023044e-02	1.00427669e-01	1.24857808e-01	1.49096744e-01	1.73148365e-01
-1.82044671e+00	7.19921461e-04	2.62171172e-02	5.15007562e-02	7.65754846e-02	1.01445786e-01	1.26115988e-01	1.50590274e-01	1.74872683e-01
-1.81047030e+00	7.27444467e-04	2.64893108e-02	5.20320501e-02	7.73605016e-02	1.02479333e-01	1.27393049e-01	1.52105997e-01	1.76622379e-01
-1.80049376e+00	7.35086886e-04	2.67657790e-02	5.25715997e-02	7.81575909e-02	1.03528613e-01	1.28689354e-01	1.53644336e-01	1.78397928e-01
-1.79051708e+00	7.42851223e-04	2.70466099e-02	5.31195728e-02	7.89669939e-02	1.04593935e-01	1.30005276e-01	1.55205723e-01	1.80199815e-01
-1.78054028e+00	7.50740049e-04	2.73318939e-02	5.36761411e-02	7.97889577e-02	1.05675617e-01	1.31341198e-01	1.56790597e-01	1.82028538e-01
-1.77056335e+00	7.58756001e-04	2.76217238e-02	5.42414807e-02	8.06237354e-02	1.06773981e-01	1.32697508e-01	1.58399411e-01	1.83884603e-01
-1.76058629e+00	7.66901785e-04	2.79161948e-02	5.48157722e-02	8.14715862e-02	1.07889361e-01	1.34074607e-01	1.60032626e-01	1.85768529e-01
-1.75060910e+00	7.75180180e-04	2.82154044e-02	5.53992004e-02	8.23327759e-02	1.09022097e-01	1.35472902e-01	1.61690713e-01	1.87680846e-01
-1.74063177e+00	7.83594036e-04	2.85194528e-02	5.59919552e-02	8.32075764e-02	1.10172536e-01	1.36892813e-01	1.63374156e-01	1.89622097e-01
-1.73065432e+00	7.92146282e-04	2.88284426e-02	5.65942309e-02	8.40962668e-02	1.11341036e-01	1.38334766e-01	1.65083447e-01	1.91592834e-01
-1.72067674e+00	8.00839923e-04	2.91424792e-02	5.72062268e-02	8.49991328e-02	1.12527960e-01	1.39799201e-01	1.66819091e-01	1.93593625e-01
-1.71069903e+00	8.09678045e-04	2.94616707e-02	5.78281476e-02	8.59164672e-02	1.13733684e-01	1.41286564e-01	1.68581606e-01	1.95625049e-01
-1.70072119e+00	8.18663817e-04	2.97861281e-02	5.84602029e-02	8.68485701e-02	1.14958589e-01	1.42797316e-01	1.70371519e-01	1.97687697e-01
-1.69074322e+00	8.27800496e-04	3.01159653e-02	5.91026077e-02	8.77957492e-02	1.16203069e-01	1.44331925e-01	1.72189371e-01	1.99782174e-01
-1.68076512e+00	8.37091425e-04	3.04512992e-02	5.97555828e-02	8.87583199e-02	1.17467525e-01	1.45890873e-01	1.74035715e-01	2.01909100e-01
-1.67078690e+00	8.46540042e-04	3.07922498e-02	6.04193544e-02	8.97366054e-02	1.18752370e-01	1.47474652e-01	1.75911117e-01	2.04069108e-01
-1.66080854e+00	8.56149875e-04	3.11389404e-02	6.10941548e-02	9.07309373e-02	1.20058024e-01	1.49083766e-01	1.77816155e-01	2.06262844e-01
-1.65083005e+00	8.65924554e-04	3.14914976e-02	6.17802222e-02	9.17416552e-02	1.21384920e-01	1.50718731e-01	1.79751423e-01	2.08490970e-01
-1.64085143e+00	8.75867808e-04	3.18500512e-02	6.24778013e-02	9.27691079e-02	1.22733500e-01	1.52380076e-01	1.81717526e-01	2.10754163e-01
-1.63087268e+00	8.85983469e-04	3.22147348e-02	6.31871428e-02	9.38136526e-02	1.24104220e-01	1.54068341e-01	1.83715085e-01	2.13053115e-01
-1.62089381e+00	8.96275479e-04	3.25856855e-02	6.39085045e-02	9.48756559e-02	1.25497543e-01	1.55784082e-01	1.85744734e-01	2.15388534e-01
-1.61091480e+00	9.06747890e-04	3.29630442e-02	6.46421507e-02	9.59554938e-02	1.26913947e-01	1.57527866e-01	1.87807124e-01	2.17761143e-01
-1.60093566e+00	9.17404869e-04	3.33469556e-02	6.53883529e-02	9.70535519e-02	1.28353919e-01	1.59300273e-01	1.89902919e-01	2.20171683e-01
-1.59095640e+00	9.28250701e-04	3.37375684e-02	6.61473897e-02	9.81702258e-02	1.29817962e-01	1.61101901e-01	1.92032800e-01	2.22620910e-01
-1.58097700e+00	9.39289796e-04	3.41350355e-02	6.69195473e-02	9.93059213e-02	1.31306588e-01	1.62933358e-01	1.94197464e-01	2.25109599e-01
-1.57099747e+00	9.50526688e-04	3.45395139e-02	6.77051195e-02	1.00461055e-01	1.32820324e-01	1.64795269e-01	1.96397623e-01	2.27638543e-01
-1.56101782e+00	9.61966044e-04	3.49511653e-02	6.85044082e-02	1.01636054e-01	1.34359708e-01	1.66688275e-01	1.98634007e-01	2.30208551e-01
-1.55103803e+00	9.73612667e-04	3.53701556e-02	6.93177234e-02	1.02831358e-01	1.35925296e-01	1.68613031e-01	2.00907364e-01	2.32820451e-01
-1.54105812e+00	9.85471499e-04	3.57966555e-02	7.01453834e-02	1.04047415e-01	1.37517653e-01	1.70570209e-01	2.03218458e-01	2.35475092e-01
-1.53107807e+00	9.97547628e-04	3.62308406e-02	7.09877153e-02	1.05284688e-01	1.39137362e-01	1.72560498e-01	2.05568073e-01	2.38173340e-01
-1.52109790e+00	1.00984629e-03	3.66728914e-02	7.18450554e-02	1.06543651e-01	1.40785019e-01	1.74584601e-01	2.07957009e-01	2.40916082e-01
-1.51111760e+00	1.02237289e-03	3.71229937e-02	7.27177488e-02	1.07824791e-01	1.42461236e-01	1.76643243e-01	2.10386087e-01	2.43704225e-01
-1.50113716e+00	1.03513297e-03	3.75813384e-02	7.36061506e-02	1.09128607e-01	1.44166641e-01	1.78737163e-01	2.12856148e-01	2.46538696e-01
-1.49115660e+00	1.04813225e-03	3.80481222e-02	7.45106254e-02	1.10455613e-01	1.45901877e-01	1.80867121e-01	2.15368050e-01	2.49420446e-01
-1.48117591e+00	1.06137663e-03	3.85235473e-02	7.54315481e-02	1.11806335e-01	1.47667604e-01	1.83033893e-01	2.17922676e-01	2.52350445e-01
-1.47119508e+00	1.07487218e-03	3.90078217e-02	7.63693041e-02	1.13181314e-01	1.49464499e-01	1.85238276e-01	2.20520926e-01	2.55329685e-01
-1.46121413e+00	1.08862516e-03	3.95011597e-02	7.73242896e-02	1.14581105e-01	1.51293258e-01	1.87481088e-01	2.23163723e-01	2.58359183e-01
-1.45123305e+00	1.10264202e-03	4.00037819e-02	7.82969119e-02	1.16006279e-01	1.53154593e-01	1.89763164e-01	2.25852012e-01	2.61439978e-01
-1.44125184e+00	1.11692940e-03	4.05159151e-02	7.92875898e-02	1.17457421e-01	1.55049236e-01	1.92085363e-01	2.28586761e-01	2.64573133e-01
-1.43127050e+00	1.13149416e-03	4.10377931e-02	8.02967539e-02	1.18935134e-01	1.56977935e-01	1.94448563e-01	2.31368960e-01	2.67759734e-01
-1.42128903e+00	1.14634336e-03	4.15696565e-02	8.13248473e-02	1.20440035e-01	1.58941462e-01	1.96853666e-01	2.34199624e-01	2.71000894e-01
-1.41130742e+00	1.16148429e-03	4.21117533e-02	8.23723256e-02	1.21972760e-01	1.60940606e-01	1.99301594e-01	2.37079791e-01	2.74297750e-01
-1.40132569e+00	1.17692447e-03	4.26643387e-02	8.34396573e-02	1.23533960e-01	1.62976178e-01	2.01793295e-01	2.40010524e-01	2.77651466e-01
-1.39134383e+00	1.19267165e-03	4.32276756e-02	8.45273247e-02	1.25124307e-01	1.65049009e-01	2.04329739e-01	2.42992913e-01	2.81063231e-01
-1.38136184e+00	1.20873382e-03	4.38020351e-02	8.56358236e-02	1.26744488e-01	1.67159953e-01	2.06911919e-01	2.46028071e-01	2.84534263e-01
-1.37137972e+00	1.22511924e-03	4.43876962e-02	8.67656644e-02	1.28395211e-01	1.69309885e-01	2.09540856e-01	2.49117140e-01	2.88065806e-01
-1.36139747e+00	1.24183644e-03	4.49849467e-02	8.79173724e-02	1.30077205e-01	1.71499706e-01	2.12217594e-01	2.52261289e-01	2.91659132e-01
-1.35141509e+00	1.25889421e-03	4.55940830e-02	8.90914880e-02	1.31791215e-01	1.73730336e-01	2.14943203e-01	2.55461712e-01	2.95315544e-01
-1.34143258e+00	1.27630163e-03	4.62154108e-02	9.02885675e-02	1.33538010e-01	1.76002724e-01	2.17718783e-01	2.58719636e-01	2.99036373e-01
-1.33144995e+00	1.29406807e-03	4.68492452e-02	9.15091834e-02	1.35318379e-01	1.78317841e-01	2.20545457e-01	2.62036314e-01	3.02822979e-01
-1.32146718e+00	1.31220321e-03	4.74959110e-02	9.27539250e-02	1.37133135e-01	1.80676685e-01	2.23424380e-01	2.65413030e-01	3.06676755e-01
-1.31148428e+00	1.33071707e-03	4.81557431e-02	9.40233992e-02	1.38983110e-01	1.83080279e-01	2.26356733e-01	2.68851096e-01	3.10599123e-01
-1.30150125e+00	1.34961997e-03	4.88290871e-02	9.53182307e-02	1.40869162e-01	1.85529675e-01	2.29343729e-01	2.72351859e-01	3.14591538e-01
-1.29151809e+00	1.36892260e-03	4.95162992e-02	9.66390626e-02	1.42792173e-01	1.88025952e-01	2.32386609e-01	2.75916694e-01	3.18655487e-01
-1.28153481e+00	1.38863598e-03	5.02177470e-02	9.79865574e-02	1.44753048e-01	1.90570215e-01	2.35486646e-01	2.79547011e-01	3.22792490e-01
-1.27155139e+00	1.40877153e-03	5.09338097e-02	9.93613970e-02	1.46752719e-01	1.93163603e-01	2.38645146e-01	2.83244253e-01	3.27004101e-01
-1.26156784e+00	1.42934103e-03	5.16648785e-02	1.00764284e-01	1.48792145e-01	1.95807282e-01	2.41863445e-01	2.87009894e-01	3.31291908e-01
-1.25158416e+00	1.45035670e-03	5.24113571e-02	1.02195942e-01	1.50872308e-01	1.98502449e-01	2.45142914e-01	2.90845446e-01	3.35657535e-01
-1.24160036e+00	1.47183112e-03	5.31736623e-02	1.03657117e-01	1.52994222e-01	2.01250334e-01	2.48484957e-01	2.94752454e-01	3.40102638e-01
-1.23161642e+00	1.49377736e-03	5.39522241e-02	1.05148575e-01	1.55158929e-01	2.04052197e-01	2.51891014e-01	2.98732500e-01	3.44628914e-01
-1.22163235e+00	1.51620891e-03	5.47474865e-02	1.06671108e-01	1.57367497e-01	2.06909335e-01	2.55362560e-01	3.02787201e-01	3.49238092e-01
-1.21164816e+00	1.53913973e-03	5.55599078e-02	1.08225531e-01	1.59621028e-01	2.09823076e-01	2.58901105e-01	3.06918213e-01	3.53931942e-01
-1.20166383e+00	1.56258427e-03	5.63899614e-02	1.09812683e-01	1.61920654e-01	2.12794784e-01	2.62508198e-01	3.11127229e-01	3.58712269e-01
-1.19167938e+00	1.58655750e-03	5.72381359e-02	1.11433430e-01	1.64267537e-01	2.15825861e-01	2.66185426e-01	3.15415982e-01	3.63580917e-01
-1.18169479e+00	1.61107491e-03	5.81049360e-02	1.13088662e-01	1.66662876e-01	2.18917741e-01	2.69934414e-01	3.19786242e-01	3.68539771e-01
-1.17171008e+00	1.63615253e-03	5.89908832e-02	1.14779299e-01	1.69107900e-01	2.22071901e-01	2.73756825e-01	3.24239820e-01	3.73590752e-01
-1.16172523e+00	1.66180697e-03	5.98965159e-02	1.16506286e-01	1.71603874e-01	2.25289853e-01	2.77654367e-01	3.28778569e-01	3.78735825e-01
-1.15174026e+00	1.68805545e-03	6.08223906e-02	1.18270600e-01	1.74152100e-01	2.28573151e-01	2.81628783e-01	3.33404382e-01	3.83976992e-01
-1.14175515e+00	1.71491578e-03	6.17690819e-02	1.20073246e-01	1.76753916e-01	2.31923387e-01	2.85681864e-01	3.38119195e-01	3.89316297e-01
-1.13176992e+00	1.74240645e-03	6.27371840e-02	1.21915260e-01	1.79410697e-01	2.35342197e-01	2.89815440e-01	3.42924985e-01	3.94755826e-01
-1.12178455e+00	1.77054658e-03	6.37273107e-02	1.23797710e-01	1.82123857e-01	2.38831257e-01	2.94031386e-01	3.47823774e-01	4.00297706e-01
-1.11179906e+00	1.79935604e-03	6.47400964e-02	1.25721698e-01	1.84894851e-01	2.42392289e-01	2.98331622e-01	3.52817626e-01	4.05944109e-01
-1.10181343e+00	1.82885539e-03	6.57761967e-02	1.27688357e-01	1.87725174e-01	2.46027056e-01	3.02718110e-01	3.57908653e-01	4.11697245e-01
-1.09182768e+00	1.85906597e-03	6.68362896e-02	1.29698858e-01	1.90616363e-01	2.49737369e-01	3.07192863e-01	3.63099007e-01	4.17559371e-01
-1.08184180e+00	1.89000991e-03	6.79210758e-02	1.31754405e-01	1.93569998e-01	2.53525085e-01	3.11757936e-01	3.68390889e-01	4.23532785e-01
-1.07185578e+00	1.92171016e-03	6.90312798e-02	1.33856243e-01	1.96587704e-01	2.57392106e-01	3.16415436e-01	3.73786547e-01	4.29619829e-01
-1.06186964e+00	1.95419053e-03	7.01676507e-02	1.36005652e-01	1.99671151e-01	2.61340385e-01	3.21167513e-01	3.79288271e-01	4.35822890e-01
-1.05188337e+00	1.98747575e-03	7.13309630e-02	1.38203952e-01	2.02822054e-01	2.65371922e-01	3.26016370e-01	3.84898403e-01	4.42144398e-01
-1.04189697e+00	2.02159147e-03	7.25220177e-02	1.40452504e-01	2.06042178e-01	2.69488767e-01	3.30964259e-01	3.90619328e-01	4.48586826e-01
-1.03191043e+00	2.05656429e-03	7.37416433e-02	1.42752711e-01	2.09333336e-01	2.73693022e-01	3.36013480e-01	3.96453483e-01	4.55152694e-01
-1.02192377e+00	2.09242188e-03	7.49906965e-02	1.45106020e-01	2.12697388e-01	2.77986841e-01	3.41166386e-01	4.02403348e-01	4.61844562e-01
-1.01193698e+00	2.12919292e-03	7.62700633e-02	1.47513919e-01	2.16136250e-01	2.82372430e-01	3.46425379e-01	4.08471456e-01	4.68665038e-01
-1.00195006e+00	2.16690725e-03	7.75806604e-02	1.49977945e-01	2.19651886e-01	2.86852047e-01	3.51792917e-01	4.14660386e-01	4.75616773e-01
-9.91963005e-01	2.20559581e-03	7.89234358e-02	1.52499681e-01	2.23246316e-01	2.91428009e-01	3.57271506e-01	4.20972765e-01	4.82702460e-01
-9.81975823e-01	2.24529079e-03	8.02993701e-02	1.55080757e-01	2.26921613e-01	2.96102683e-01	3.62863706e-01	4.27411270e-01	4.89924838e-01
-9.71988511e-01	2.28602560e-03	8.17094779e-02	1.57722855e-01	2.30679906e-01	3.00878495e-01	3.68572132e-01	4.33978625e-01	4.97286686e-01
-9.62001070e-01	2.32783500e-03	8.31548086e-02	1.60427705e-01	2.34523380e-01	3.05757926e-01	3.74399450e-01	4.40677605e-01	5.04790831e-01
-9.52013499e-01	2.37075508e-03	8.46364477e-02	1.63197091e-01	2.38454280e-01	3.10743517e-01	3.80348382e-01	4.47511031e-01	5.12440137e-01
-9.42025798e-01	2.41482339e-03	8.61555184e-02	1.66032850e-01	2.42474907e-01	3.15837865e-01	3.86421701e-01	4.54481773e-01	5.20237512e-01
-9.32037967e-01	2.46007895e-03	8.77131823e-02	1.68936875e-01	2.46587625e-01	3.21043624e-01	3.92622236e-01	4.61592748e-01	5.28185905e-01
-9.22050006e-01	2.50656233e-03	8.93106412e-02	1.71911116e-01	2.50794855e-01	3.26363511e-01	3.98952870e-01	4.68846922e-01	5.36288305e-01
-9.12061915e-01	2.55431574e-03	9.09491382e-02	1.74957577e-01	2.55099084e-01	3.31800299e-01	4.05416538e-01	4.76247306e-01	5.44547741e-01
-9.02073695e-01	2.60338307e-03	9.26299592e-02	1.78078326e-01	2.59502859e-01	3.37356821e-01	4.12016230e-01	4.83796958e-01	5.52967279e-01
-8.92085345e-01	2.65380998e-03	9.43544342e-02	1.81275489e-01	2.64008791e-01	3.43035974e-01	4.18754990e-01	4.91498981e-01	5.61550024e-01
-8.82096864e-01	2.70564395e-03	9.61239388e-02	1.84551253e-01	2.68619557e-01	3.48840709e-01	4.25635912e-01	4.99356522e-01	5.70299113e-01
-8.72108254e-01	2.75893442e-03	9.79398953e-02	1.87907871e-01	2.73337897e-01	3.54774042e-01	4.32662146e-01	5.07372772e-01	5.79217723e-01
-8.62119514e-01	2.81373280e-03	9.98037750e-02	1.91347659e-01	2.78166619e-01	3.60839048e-01	4.39836891e-01	5.15550965e-01	5.88309061e-01
-8.52130645e-01	2.87009259e-03	1.01717099e-01	1.94872997e-01	2.83108594e-01	3.67038861e-01	4.47163398e-01	5.23894375e-01	5.97576365e-01
-8.42141645e-01	2.92806948e-03	1.03681439e-01	1.98486336e-01	2.88166765e-01	3.73376675e-01	4.54644967e-01	5.32406316e-01	6.07022904e-01
-8.32152515e-01	2.98772142e-03	1.05698421e-01	2.02190191e-01	2.93344136e-01	3.79855744e-01	4.62284948e-01	5.41090139e-01	6.16651974e-01
-8.22163256e-01	3.04910873e-03	1.07769725e-01	2.05987149e-01	2.98643784e-01	3.86479379e-01	4.70086738e-01	5.49949233e-01	6.26466898e-01
-8.12173867e-01	3.11229418e-03	1.09897087e-01	2.09879866e-01	3.04068849e-01	3.93250952e-01	4.78053780e-01	5.58987021e-01	6.36471021e-01
-8.02184347e-01	3.17734312e-03	1.12082299e-01	2.13871069e-01	3.09622541e-01	4.00173889e-01	4.86189563e-01	5.68206957e-01	6.46667712e-01
-7.92194698e-01	3.24432358e-03	1.14327215e-01	2.17963557e-01	3.15308136e-01	4.07251673e-01	4.94497616e-01	5.77612528e-01	6.57060354e-01
-7.82204919e-01	3.31330630e-03	1.16633747e-01	2.22160202e-01	3.21128978e-01	4.14487841e-01	5.02981511e-01	5.87207245e-01	6.67652352e-01
-7.72215010e-01	3.38436498e-03	1.19003869e-01	2.26463950e-01	3.27088476e-01	4.21885984e-01	5.11644859e-01	5.96994649e-01	6.78447121e-01
-7.62224972e-01	3.45757628e-03	1.21439620e-01	2.30877819e-01	3.33190106e-01	4.29449743e-01	5.20491306e-01	6.06978299e-01	6.89448086e-01
-7.52234803e-01	3.53302001e-03	1.23943101e-01	2.35404901e-01	3.39437406e-01	4.37182811e-01	5.29524533e-01	6.17161776e-01	7.00658683e-01
-7.42244504e-01	3.61077917e-03	1.26516481e-01	2.40048364e-01	3.45833980e-01	4.45088925e-01	5.38748251e-01	6.27548678e-01	7.12082348e-01
-7.32254076e-01	3.69094016e-03	1.29161995e-01	2.44811448e-01	3.52383493e-01	4.53171869e-01	5.48166200e-01	6.38142616e-01	7.23722522e-01
-7.22263518e-01	3.77359281e-03	1.31881946e-01	2.49697468e-01	3.59089669e-01	4.61435470e-01	5.57782146e-01	6.48947210e-01	7.35582640e-01
-7.12272829e-01	3.85883057e-03	1.34678706e-01	2.54709809e-01	3.65956292e-01	4.69883591e-01	5.67599873e-01	6.59966086e-01	7.47666133e-01
-7.02282011e-01	3.94675060e-03	1.37554717e-01	2.59851933e-01	3.72987201e-01	4.78520135e-01	5.77623187e-01	6.71202876e-01	7.59976421e-01
-6.92291063e-01	4.03745389e-03	1.40512491e-01	2.65127371e-01	3.80186289e-01	4.87349036e-01	5.87855906e-01	6.82661205e-01	7.72516911e-01
-6.82299985e-01	4.13104539e-03	1.43554611e-01	2.70539721e-01	3.87557500e-01	4.96374257e-01	5.98301857e-01	6.94344696e-01	7.85290992e-01
-6.72308777e-01	4.22763413e-03	1.46683731e-01	2.76092655e-01	3.95104824e-01	5.05599786e-01	6.08964874e-01	7.06256963e-01	7.98302031e-01
-6.62317439e-01	4.32733328e-03	1.49902577e-01	2.81789905e-01	4.02832296e-01	5.15029632e-01	6.19848793e-01	7.18401601e-01	8.11553366e-01
-6.52325972e-01	4.43026033e-03	1.53213946e-01	2.87635271e-01	4.10743990e-01	5.24667821e-01	6.30957444e-01	7.30782191e-01	8.25048309e-01
-6.42334374e-01	4.53653712e-03	1.56620702e-01	2.93632612e-01	4.18844018e-01	5.34518388e-01	6.42294650e-01	7.43402286e-01	8.38790133e-01
-6.32342646e-01	4.64628997e-03	1.60125783e-01	2.99785844e-01	4.27136519e-01	5.44585377e-01	6.53864219e-01	7.56265413e-01	8.52782073e-01
-6.22350789e-01	4.75964972e-03	1.63732193e-01	3.06098939e-01	4.35625663e-01	5.54872829e-01	6.65669941e-01	7.69375063e-01	8.67027320e-01
-6.12358801e-01	4.87675181e-03	1.67443001e-01	3.12575914e-01	4.44315635e-01	5.65384783e-01	6.77715578e-01	7.82734689e-01	8.81529014e-01
-6.02366684e-01	4.99773630e-03	1.71261343e-01	3.19220837e-01	4.53210638e-01	5.76125266e-01	6.90004866e-01	7.96347698e-01	8.96290242e-01
-5.92374437e-01	5.12274789e-03	1.75190414e-01	3.26037810e-01	4.62314884e-01	5.87098284e-01	7.02541500e-01	8.10217450e-01	9.11314034e-01
-5.82382059e-01	5.25193591e-03	1.79233469e-01	3.33030971e-01	4.71632583e-01	5.98307823e-01	7.15329134e-01	8.24347246e-01	9.26603355e-01
-5.72389552e-01	5.38545428e-03	1.83393818e-01	3.40204486e-01	4.81167942e-01	6.09757835e-01	7.28371372e-01	8.38740332e-01	9.42161100e-01
-5.62396915e-01	5.52346139e-03	1.87674820e-01	3.47562540e-01	4.90925153e-01	6.21452233e-01	7.41671762e-01	8.53399871e-01	9.57990095e-01
-5.52404148e-01	5.66612004e-03	1.92079878e-01	3.55109331e-01	5.00908389e-01	6.33394886e-01	7.55233790e-01	8.68328978e-01	9.74093084e-01
-5.42411251e-01	5.81359718e-03	1.96612434e-01	3.62849061e-01	5.11121790e-01	6.45589607e-01	7.69060874e-01	8.83530673e-01	9.90472730e-01
-5.32418224e-01	5.96606373e-03	2.01275965e-01	3.70785926e-01	5.21569459e-01	6.58040148e-01	7.83156354e-01	8.99007897e-01	1.00713161e+00
-5.22425067e-01	6.12369425e-03	2.06073967e-01	3.78924110e-01	5.32255451e-01	6.70750190e-01	7.97523487e-01	9.14763501e-01	1.02407220e+00
-5.12431780e-01	6.28666653e-03	2.11009956e-01	3.87267768e-01	5.43183762e-01	6.83723338e-01	8.12165444e-01	9.30800241e-01	1.04129690e+00
-5.02438363e-01	6.45516116e-03	2.16087451e-01	3.95821023e-01	5.54358322e-01	6.96963109e-01	8.27085295e-01	9.47120772e-01	1.05880798e+00
-4.92444816e-01	6.62936091e-03	2.21309966e-01	4.04587947e-01	5.65782980e-01	7.10472922e-01	8.42286008e-01	9.63727644e-01	1.07660763e+00
-4.82451140e-01	6.80945004e-03	2.26680998e-01	4.13572551e-01	5.77461498e-01	7.24256096e-01	8.57770441e-01	9.80623293e-01	1.09469792e+00
-4.72457333e-01	6.99561347e-03	2.32204014e-01	4.22778775e-01	5.89397536e-01	7.38315834e-01	8.73541335e-01	9.97810040e-01	1.11308079e+00
-4.62463396e-01	7.18803582e-03	2.37882434e-01	4.32210466e-01	6.01594644e-01	7.52655219e-01	8.89601305e-01	1.01529008e+00	1.13175809e+00
-4.52469329e-01	7.38690023e-03	2.43719618e-01	4.41871372e-01	6.14056245e-01	7.67277202e-01	9.05952837e-01	1.03306549e+00	1.15073154e+00
-4.42475133e-01	7.59238703e-03	2.49718847e-01	4.51765121e-01	6.26785632e-01	7.82184595e-01	9.22598278e-01	1.05113821e+00	1.17000271e+00
-4.32480806e-01	7.80467223e-03	2.55883303e-01	4.61895205e-01	6.39785945e-01	7.97380060e-01	9.39539833e-01	1.06951003e+00	1.18957308e+00
-4.22486349e-01	8.02392571e-03	2.62216052e-01	4.72264965e-01	6.53060167e-01	8.12866105e-01	9.56779555e-01	1.08818263e+00	1.20944397e+00
-4.12491763e-01	8.25030921e-03	2.68720017e-01	4.82877574e-01	6.66611110e-01	8.28645069e-01	9.74319342e-01	1.10715750e+00	1.22961658e+00
-4.02497046e-01	8.48397400e-03	2.75397958e-01	4.93736016e-01	6.80441398e-01	8.44719118e-01	9.92160933e-01	1.12643603e+00	1.25009196e+00
-3.92502200e-01	8.72505832e-03	2.82252445e-01	5.04843070e-01	6.94553461e-01	8.61090237e-01	1.01030589e+00	1.14601942e+00	1.27087103e+00
-3.82507223e-01	8.97368438e-03	2.89285831e-01	5.16201290e-01	7.08949523e-01	8.77760218e-01	1.02875562e+00	1.16590874e+00	1.29195456e+00
-3.72512117e-01	9.22995510e-03	2.96500225e-01	5.27812984e-01	7.23631569e-01	8.94730656e-01	1.04751133e+00	1.18610487e+00	1.31334319e+00
-3.62516880e-01	9.49395042e-03	3.03897455e-01	5.39680196e-01	7.38601374e-01	9.12002940e-01	1.06657407e+00	1.20660855e+00	1.33503739e+00
-3.52521513e-01	9.76572325e-03	3.11479044e-01	5.51804685e-01	7.53860452e-01	9.29578244e-01	1.08594467e+00	1.22742035e+00	1.35703751e+00
-3.42526017e-01	1.00452950e-02	3.19246169e-01	5.64187902e-01	7.69410062e-01	9.47457526e-01	1.10562381e+00	1.24854068e+00	1.37934373e+00
-3.32530390e-01	1.03326505e-02	3.27199628e-01	5.76830971e-01	7.85251193e-01	9.65641512e-01	1.12561194e+00	1.26996976e+00	1.40195609e+00
-3.22534634e-01	1.06277329e-02	3.35339801e-01	5.89734669e-01	8.01384553e-01	9.84130700e-01	1.14590934e+00	1.29170767e+00	1.42487449e+00
-3.12538747e-01	1.09304379e-02	3.43666611e-01	6.02899401e-01	8.17810558e-01	1.00292535e+00	1.16651606e+00	1.31375428e+00	1.44809866e+00
-3.02542731e-01	1.12406072e-02	3.52179483e-01	6.16325178e-01	8.34529318e-01	1.02202546e+00	1.18743199e+00	1.33610933e+00	1.47162819e+00
-2.92546584e-01	1.15580224e-02	3.60877298e-01	6.30011601e-01	8.51540633e-01	1.04143082e+00	1.20865676e+00	1.35877235e+00	1.49546252e+00
-2.82550308e-01	1.18823978e-02	3.69758352e-01	6.43957830e-01	8.68843975e-01	1.06114092e+00	1.23018985e+00	1.38174271e+00	1.51960094e+00
-2.72553901e-01	1.22133731e-02	3.78820305e-01	6.58162570e-01	8.86438483e-01	1.08115502e+00	1.25203048e+00	1.40501961e+00	1.54404260e+00
-2.62557364e-01	1.25505068e-02	3.88060139e-01	6.72624044e-01	9.04322957e-01	1.10147211e+00	1.27417771e+00	1.42860207e+00	1.56878648e+00
-2.52560698e-01	1.28932679e-02	3.97474100e-01	6.87339971e-01	9.22495836e-01	1.12209092e+00	1.29663034e+00	1.45248895e+00	1.59383145e+00
-2.42563901e-01	1.32410291e-02	4.07057653e-01	7.02307544e-01	9.40955204e-01	1.14300991e+00	1.31938701e+00	1.47667893e+00	1.61917619e+00
-2.32566974e-01	1.35930598e-02	4.16805424e-01	7.17523410e-01	9.59698773e-01	1.16422726e+00	1.34244610e+00	1.50117050e+00	1.64481928e+00
-2.22569918e-01	1.39485198e-02	4.26711149e-01	7.32983641e-01	9.78723876e-01	1.18574090e+00	1.36580583e+00	1.52596202e+00	1.67075912e+00
-2.12572731e-01	1.43064529e-02	4.36767611e-01	7.48683714e-01	9.98027460e-01	1.20754846e+00	1.38946416e+00	1.55105165e+00	1.69699401e+00
-2.02575414e-01	1.46657830e-02	4.46966589e-01	7.64618489e-01	1.01760608e+00	1.22964730e+00	1.41341889e+00	1.57643739e+00	1.72352209e+00
-1.92577967e-01	1.50253106e-02	4.57298789e-01	7.80782179e-01	1.03745588e+00	1.25203452e+00	1.43766758e+00	1.60211710e+00	1.75034136e+00
-1.82580390e-01	1.53837111e-02	4.67753784e-01	7.97168329e-01	1.05757261e+00	1.27470692e+00	1.46220759e+00	1.62808844e+00	1.77744970e+00
-1.72582683e-01	1.57395354e-02	4.78319949e-01	8.13769788e-01	1.07795159e+00	1.29766103e+00	1.48703609e+00	1.65434894e+00	1.80484487e+00
-1.62584846e-01	1.60912130e-02	4.88984391e-01	8.30578681e-01	1.09858772e+00	1.32089311e+00	1.51215002e+00	1.68089597e+00	1.83252448e+00
-1.52586879e-01	1.64370581e-02	4.99732879e-01	8.47586380e-01	1.11947546e+00	1.34439911e+00	1.53754616e+00	1.70772674e+00	1.86048604e+00
-1.42588782e-01	1.67752782e-02	5.10549767e-01	8.64783473e-01	1.14060884e+00	1.36817473e+00	1.56322104e+00	1.73483830e+00	1.88872692e+00
-1.32590555e-01	1.71039865e-02	5.21417919e-01	8.82159729e-01	1.16198142e+00	1.39221535e+00	1.58917103e+00	1.76222756e+00	1.91724439e+00
-1.22592198e-01	1.74212187e-02	5.32318622e-01	8.99704062e-01	1.18358631e+00	1.41651611e+00	1.61539230e+00	1.78989131e+00	1.94603558e+00
-1.12593711e-01	1.77249520e-02	5.43231506e-01	9.17404499e-01	1.20541615e+00	1.44107184e+00	1.64188082e+00	1.81782615e+00	1.97509755e+00
-1.02595093e-01	1.80131291e-02	5.54134446e-01	9.35248123e-01	1.22746309e+00	1.46587706e+00	1.66863235e+00	1.84602858e+00	2.00442721e+00
-9.25963461e-02	1.82836849e-02	5.65003473e-01	9.53221037e-01	1.24971879e+00	1.49092606e+00	1.69564250e+00	1.87449494e+00	2.03402139e+00
-8.25974686e-02	1.85345770e-02	5.75812667e-01	9.71308306e-01	1.27217438e+00	1.51621278e+00	1.72290666e+00	1.90322144e+00	2.06387682e+00
-7.25984612e-02	1.87638177e-02	5.86534055e-01	9.89493904e-01	1.29482049e+00	1.54173090e+00	1.75042005e+00	1.93220418e+00	2.09399011e+00
-6.25993236e-02	1.89695093e-02	5.97137499e-01	1.00776064e+00	1.31764717e+00	1.56747379e+00	1.77817770e+00	1.96143910e+00	2.12435779e+00
-5.26000560e-02	1.91498789e-02	6.07590579e-01	1.02609010e+00	1.34064393e+00	1.59343453e+00	1.80617444e+00	1.99092203e+00	2.15497630e+00
-4.26006583e-02	1.93033137e-02	6.17858473e-01	1.04446254e+00	1.36379968e+00	1.61960589e+00	1.83440495e+00	2.02064869e+00	2.18584198e+00
-3.26011305e-02	1.94283951e-02	6.27903837e-01	1.06285682e+00	1.38710270e+00	1.64598030e+00	1.86286369e+00	2.05061465e+00	2.21695108e+00
-2.26014726e-02	1.95239298e-02	6.37686682e-01	1.08125029e+00	1.41054063e+00	1.67254992e+00	1.89154496e+00	2.08081538e+00	2.24829979e+00
-1.26016847e-02	1.95889773e-02	6.47164251e-01	1.09961867e+00	1.43410044e+00	1.69930653e+00	1.92044287e+00	2.11124623e+00	2.27988420e+00
-2.60176663e-03	1.96228727e-02	6.56290910e-01	1.11793592e+00	1.45776836e+00	1.72624162e+00	1.94955135e+00	2.14190243e+00	2.31170030e+00
7.39828149e-03	1.96252431e-02	6.65018045e-01	1.13617406e+00	1.48152986e+00	1.75334628e+00	1.97886411e+00	2.17277910e+00	2.34374404e+00
1.73984597e-02	1.95960178e-02	6.73293979e-01	1.15430307e+00	1.50536960e+00	1.78061129e+00	2.00837472e+00	2.20387123e+00	2.37601128e+00
2.73987680e-02	1.95354310e-02	6.81063932e-01	1.17229062e+00	1.52927135e+00	1.80802702e+00	2.03807652e+00	2.23517373e+00	2.40849780e+00
3.73992064e-02	1.94440174e-02	6.88270010e-01	1.19010186e+00	1.55321796e+00	1.83558344e+00	2.06796267e+00	2.26668138e+00	2.44119931e+00
4.73997749e-02	1.93226006e-02	6.94851268e-01	1.20769919e+00	1.57719126e+00	1.86327012e+00	2.09802613e+00	2.29838882e+00	2.47411145e+00
5.74004735e-02	1.91722745e-02	7.00743859e-01	1.22504198e+00	1.60117199e+00	1.89107619e+00	2.12825963e+00	2.33029063e+00	2.50722980e+00
6.74013022e-02	1.89943791e-02	7.05881290e-01	1.24208615e+00	1.62513968e+00	1.91899031e+00	2.15865571e+00	2.36238123e+00	2.54054987e+00
7.74022610e-02	1.87904711e-02	7.10194838e-01	1.25878389e+00	1.64907259e+00	1.94700066e+00	2.18920669e+00	2.39465494e+00	2.57406708e+00
8.74033499e-02	1.85622908e-02	7.13614144e-01	1.27508316e+00	1.67294751e+00	1.97509488e+00	2.21990464e+00	2.42710598e+00	2.60777682e+00
9.74045690e-02	1.83117268e-02	7.16068051e-01	1.29092717e+00	1.69673970e+00	2.00326005e+00	2.25074140e+00	2.45972843e+00	2.64167438e+00
1.07405918e-01	1.80407787e-02	7.17485721e-01	1.30625383e+00	1.72042265e+00	2.03148265e+00	2.28170856e+00	2.49251625e+00	2.67575500e+00
1.17407397e-01	1.77515208e-02	7.17798089e-01	1.32099506e+00	1.74396796e+00	2.05974850e+00	2.31279743e+00	2.52546328e+00	2.71001386e+00
1.27409007e-01	1.74460665e-02	7.16939687e-01	1.33507600e+00	1.76734505e+00	2.08804271e+00	2.34399904e+00	2.55856321e+00	2.74444605e+00
1.37410746e-01	1.71265347e-02	7.14850878e-01	1.34841414e+00	1.79052096e+00	2.11634963e+00	2.37530415e+00	2.59180963e+00	2.77904660e+00
1.47412616e-01	1.67950195e-02	7.11480468e-01	1.36091826e+00	1.81346003e+00	2.14465275e+00	2.40670315e+00	2.62519595e+00	2.81381049e+00
1.57414616e-01	1.64535633e-02	7.06788672e-01	1.37248729e+00	1.83612358e+00	2.17293466e+00	2.43818614e+00	2.65871546e+00	2.84873260e+00
1.67416745e-01	1.61041337e-02	7.00750292e-01	1.38300892e+00	1.85846946e+00	2.20117692e+00	2.46974281e+00	2.69236127e+00	2.88380775e+00
1.77419005e-01	1.57486045e-02	6.93357929e-01	1.39235813e+00	1.88045163e+00	2.22936000e+00	2.50136249e+00	2.72612636e+00	2.91903069e+00
1.87421396e-01	1.53887410e-02	6.84624933e-01	1.40039547e+00	1.90201958e+00	2.25746312e+00	2.53303406e+00	2.76000350e+00	2.95439606e+00
1.97423916e-01	1.50261884e-02	6.74587759e-01	1.40696520e+00	1.92311767e+00	2.28546412e+00	2.56474595e+00	2.79398529e+00	2.98989846e+00
2.07426566e-01	1.46624651e-02	6.63307342e-01	1.41189337e+00	1.94368434e+00	2.31333933e+00	2.59648611e+00	2.82806415e+00	3.02553237e+00
2.17429347e-01	1.42989581e-02	6.50869148e-01	1.41498578e+00	1.96365118e+00	2.34106339e+00	2.62824191e+00	2.86223226e+00	3.06129221e+00
2.27432258e-01	1.39369217e-02	6.37381662e-01	1.41602628e+00	1.98294176e+00	2.36860901e+00	2.66000016e+00	2.89648159e+00	3.09717226e+00
2.37435298e-01	1.35774792e-02	6.22973263e-01	1.41477542e+00	2.00147029e+00	2.39594674e+00	2.69174699e+00	2.93080387e+00	3.13316674e+00
2.47438469e-01	1.32216258e-02	6.07787648e-01	1.41097032e+00	2.01913988e+00	2.42304471e+00	2.72346784e+00	2.96519057e+00	3.16926973e+00
2.57441771e-01	1.28702335e-02	5.91978219e-01	1.40432641e+00	2.03584052e+00	2.44986830e+00	2.75514736e+00	2.99963287e+00	3.20547523e+00
2.67445202e-01	1.25240574e-02	5.75701978e-01	1.39454245e+00	2.05144644e+00	2.47637969e+00	2.78676932e+00	3.03412166e+00	3.24177708e+00
2.77448763e-01	1.21837426e-02	5.59113537e-01	1.38131066e+00	2.06581293e+00	2.50253751e+00	2.81831655e+00	3.06864749e+00	3.27816902e+00
2.87452455e-01	1.18498319e-02	5.42359824e-01	1.36433442e+00	2.07877221e+00	2.52829620e+00	2.84977081e+00	3.10320056e+00	3.31464463e+00
2.97456277e-01	1.15227739e-02	5.25575846e-01	1.34335581e+00	2.09012830e+00	2.55360539e+00	2.88111267e+00	3.13777068e+00	3.35119734e+00
3.07460229e-01	1.12029309e-02	5.08881756e-01	1.31819486e+00	2.09965033e+00	2.57840912e+00	2.91232137e+00	3.17234722e+00	3.38782043e+00
3.17464311e-01	1.08905869e-02	4.92381205e-01	1.28879906e+00	2.10706388e+00	2.60264487e+00	2.94337470e+00	3.20691912e+00	3.42450699e+00
3.27468523e-01	1.05859555e-02	4.76160861e-01	1.25529628e+00	2.11203970e+00	2.62624241e+00	2.97424874e+00	3.24147476e+00	3.46124994e+00
3.37472866e-01	1.02891876e-02	4.60290860e-01	1.21803705e+00	2.11417874e+00	2.64912231e+00	3.00491773e+00	3.27600202e+00	3.49804197e+00
3.47477338e-01	1.00003780e-02	4.44825926e-01	1.17760676e+00	2.11299238e+00	2.67119416e+00	3.03535376e+00	3.31048813e+00	3.53487556e+00
3.57481941e-01	9.71957264e-03	4.29806915e-01	1.13479202e+00	2.10787602e+00	2.69235433e+00	3.06552650e+00	3.34491965e+00	3.57174297e+00
3.67486674e-01	9.44677455e-03	4.15262564e-01	1.09050068e+00	2.09807435e+00	2.71248300e+00	3.09540286e+00	3.37928239e+00	3.60863616e+00
3.77491537e-01	9.18194951e-03	4.01211287e-01	1.04565563e+00	2.08263637e+00	2.73144049e+00	3.12494659e+00	3.41356134e+00	3.64554684e+00
3.87496530e-01	8.92503143e-03	3.87662902e-01	1.00109446e+00	2.06036104e+00	2.74906232e+00	3.15411777e+00	3.44774056e+00	3.68246639e+00
3.97501654e-01	8.67592699e-03	3.74620224e-01	9.57501322e-01	2.02974196e+00	2.76515277e+00	3.18287227e+00	3.48180311e+00	3.71938587e+00
4.07506908e-01	8.43452000e-03	3.62080469e-01	9.15380330e-01	1.98894247e+00	2.77947600e+00	3.21116099e+00	3.51573088e+00	3.75629595e+00
4.17512292e-01	8.20067521e-03	3.50036485e-01	8.75063018e-01	1.93588909e+00	2.79174398e+00	3.23892906e+00	3.54950449e+00	3.79318693e+00
4.27517806e-01	7.97424173e-03	3.38477781e-01	8.36735764e-01	1.86867848e+00	2.80159936e+00	3.26611475e+00	3.58310311e+00	3.83004863e+00
4.37523450e-01	7.75505614e-03	3.27391395e-01	8.00473871e-01	1.78657668e+00	2.80859062e+00	3.29264821e+00	3.61650433e+00	3.86687041e+00
4.47529225e-01	7.54294509e-03	3.16762599e-01	7.66273878e-01	1.69154366e+00	2.81213505e+00	3.31844978e+00	3.64968385e+00	3.90364109e+00
4.57535129e-01	7.33772772e-03	3.06575477e-01	7.34080232e-01	1.58900188e+00	2.81146147e+00	3.34342797e+00	3.68261534e+00	3.94034890e+00
4.67541164e-01	7.13921770e-03	2.96813375e-01	7.03805485e-01	1.48611728e+00	2.80551787e+00	3.36747679e+00	3.71527006e+00	3.97698144e+00
4.77547329e-01	6.94722502e-03	2.87459270e-01	6.75344710e-01	1.38868076e+00	2.79281482e+00	3.39047228e+00	3.74761656e+00	4.01352555e+00
4.87553625e-01	6.76155753e-03	2.78496047e-01	6.48585311e-01	1.29962265e+00	2.77114320e+00	3.41226798e+00	3.77962028e+00	4.04996733e+00
4.97560050e-01	6.58202230e-03	2.69906717e-01	6.23413427e-01	1.21958801e+00	2.73702552e+00	3.43268876e+00	3.81124301e+00	4.08629194e+00
5.07566606e-01	6.40842670e-03	2.61674578e-01	5.99717931e-01	1.14804144e+00	2.68454635e+00	3.45152242e+00	3.84244234e+00	4.12248359e+00
5.17573292e-01	6.24057939e-03	2.53783336e-01	5.77392775e-01	1.08402723e+00	2.60258215e+00	3.46850784e+00	3.87317094e+00	4.15852537e+00
5.27580108e-01	6.07829113e-03	2.46217193e-01	5.56338248e-01	1.02653825e+00	2.46787023e+00	3.48331787e+00	3.90337562e+00	4.19439915e+00
5.37587055e-01	5.92137543e-03	2.38960900e-01	5.36461513e-01	9.74658029e-01	2.23775578e+00	3.49553396e+00	3.93299631e+00	4.23008540e+00
5.47594131e-01	5.76964911e-03	2.31999804e-01	5.17676700e-01	9.27599004e-01	1.93977617e+00	3.50460677e+00	3.96196465e+00	4.26556301e+00
5.57601338e-01	5.62293275e-03	2.25319862e-01	4.99904728e-01	8.84699961e-01	1.70517713e+00	3.50979255e+00	3.99020227e+00	4.30080910e+00
5.67608675e-01	5.48105104e-03	2.18907650e-01	4.83072962e-01	8.45410049e-01	1.53833808e+00	3.51004407e+00	4.01761858e+00	4.33579879e+00
5.77616143e-01	5.34383305e-03	2.12750367e-01	4.67114796e-01	8.09270474e-01	1.41205496e+00	3.50380970e+00	4.04410788e+00	4.37050485e+00
5.87623740e-01	5.21111245e-03	2.06835822e-01	4.51969201e-01	7.75897763e-01	1.31103028e+00	3.48862555e+00	4.06954559e+00	4.40489745e+00
5.97631468e-01	5.08272766e-03	2.01152422e-01	4.37580265e-01	7.44969672e-01	1.22705845e+00	3.46016607e+00	4.09378315e+00	4.43894365e+00
6.07639326e-01	4.95852192e-03	1.95689154e-01	4.23896754e-01	7.16213725e-01	1.15535930e+00	3.40951371e+00	4.11664102e+00	4.47260700e+00
6.17647314e-01	4.83834341e-03	1.90435565e-01	4.10871689e-01	6.89398031e-01	1.09292406e+00	3.31152969e+00	4.13789893e+00	4.50584692e+00
6.27655433e-01	4.72204518e-03	1.85381740e-01	3.98461964e-01	6.64323970e-01	1.03773853e+00	1.97676982e+00	4.15728180e+00	4.53861796e+00
6.37663682e-01	4.60948521e-03	1.80518277e-01	3.86627985e-01	6.40820357e-01	9.88387431e-01	1.67779700e+00	4.17443874e+00	4.57086892e+00
6.47672061e-01	4.50052637e-03	1.75836268e-01	3.75333342e-01	6.18738772e-01	9.43837237e-01	1.51583775e+00	4.18891069e+00	4.60254176e+00
6.57680570e-01	4.39503629e-03	1.71327268e-01	3.64544520e-01	5.97949810e-01	9.03309267e-01	1.39888979e+00	4.20007804e+00	4.63357022e+00
6.67689210e-01	4.29288736e-03	1.66983281e-01	3.54230626e-01	5.78340051e-01	8.66201592e-01	1.30618641e+00	4.20707076e+00	4.66387802e+00
6.77697979e-01	4.19395663e-03	1.62796729e-01	3.44363151e-01	5.59809586e-01	8.32038819e-01	1.22904883e+00	4.20860230e+00	4.69337660e+00
6.87706879e-01	4.09812566e-03	1.58760432e-01	3.34915751e-01	5.42270005e-01	8.00438605e-01	1.16290102e+00	4.20263025e+00	4.72196217e+00
6.97715910e-01	4.00528044e-03	1.54867590e-01	3.25864054e-01	5.25642731e-01	7.71088623e-01	1.10499388e+00	4.18555578e+00	4.74951168e+00
7.07725070e-01	3.91531129e-03	1.51111757e-01	3.17185483e-01	5.09857643e-01	7.43730273e-01	1.05352951e+00	4.14985432e+00	4.77587748e+00
7.17734361e-01	3.82811269e-03	1.47486826e-01	3.08859096e-01	4.94851929e-01	7.18146911e-01	1.00725941e+00	4.07313588e+00	4.80087987e+00
7.27743782e-01	3.74358320e-03	1.43987009e-01	3.00865448e-01	4.80569124e-01	6.94155148e-01	9.65276852e-01	1.36807449e+00	4.82429641e+00
7.37753334e-01	3.66162530e-03	1.40606814e-01	2.93186458e-01	4.66958297e-01	6.71598316e-01	9.26900056e-01	1.28856822e+00	4.84584642e+00
7.47763016e-01	3.58214528e-03	1.37341037e-01	2.85805295e-01	4.53973367e-01	6.50341467e-01	8.91601913e-01	1.22075502e+00	4.86516729e+00
7.57772828e-01	3.50505308e-03	1.34184740e-01	2.78706275e-01	4.41572520e-01	6.30267510e-01	8.58965543e-01	1.16155846e+00	4.88177703e+00
7.67782770e-01	3.43026220e-03	1.31133237e-01	2.71874765e-01	4.29717703e-01	6.11274166e-01	8.28654929e-01	1.10902350e+00	4.89501157e+00
7.77792842e-01	3.35768953e-03	1.28182079e-01	2.65297098e-01	4.18374203e-01	5.93271557e-01	8.00394860e-01	1.06181877e+00	4.90391271e+00
7.87803045e-01	3.28725527e-03	1.25327044e-01	2.58960495e-01	4.07510270e-01	5.76180270e-01	7.73956806e-01	1.01899072e+00	4.90700892e+00
7.97813378e-01	3.21888277e-03	1.22564120e-01	2.52852996e-01	3.97096799e-01	5.59929780e-01	7.49148724e-01	9.79829717e-01	4.90182976e+00
8.07823842e-01	3.15249844e-03	1.19889494e-01	2.46963396e-01	3.87107050e-01	5.44457175e-01	7.25807546e-01	9.43791377e-01	4.88360724e+00
8.17834435e-01	3.08803155e-03	1.17299545e-01	2.41281187e-01	3.77516408e-01	5.29706088e-01	7.03793522e-01	9.10447752e-01	4.84042832e+00
8.27845159e-01	3.02541423e-03	1.14790827e-01	2.35796503e-01	3.68302164e-01	5.15625826e-01	6.82985906e-01	8.79455537e-01	4.70361489e+00
8.37856014e-01	2.96458131e-03	1.12360064e-01	2.30500077e-01	3.59443333e-01	5.02170625e-01	6.63279607e-01	8.50534602e-01	1.07905412e+00
8.47866998e-01	2.90547018e-03	1.10004138e-01	2.25383193e-01	3.50920487e-01	4.89299041e-01	6.44582550e-01	8.23453033e-01	1.03836807e+00
8.57878113e-01	2.84802072e-03	1.07720080e-01	2.20437648e-01	3.42715607e-01	4.76973417e-01	6.26813588e-01	7.98016413e-01	1.00094970e+00
8.67889358e-01	2.79217519e-03	1.05505066e-01	2.15655713e-01	3.34811958e-01	4.65159440e-01	6.09900814e-01	7.74059980e-01	9.66341298e-01
8.77900734e-01	2.73787813e-03	1.03356402e-01	2.11030103e-01	3.27193970e-01	4.53825759e-01	5.93780195e-01	7.51442753e-01	9.34178073e-01
8.87912240e-01	2.68507627e-03	1.01271523e-01	2.06553943e-01	3.19847138e-01	4.42943656e-01	5.78394449e-01	7.30043079e-01	9.04163961e-01
8.97923876e-01	2.63371843e-03	9.92479841e-02	2.02220742e-01	3.12757930e-01	4.32486758e-01	5.63692124e-01	7.09755180e-01	8.76054948e-01
9.07935642e-01	2.58375546e-03	9.72834528e-02	1.98024365e-01	3.05913701e-01	4.22430796e-01	5.49626822e-01	6.90486459e-01	8.49647248e-01
9.17947539e-01	2.53514010e-03	9.53757043e-02	1.93959011e-01	2.99302628e-01	4.12753385e-01	5.36156556e-01	6.72155356e-01	8.24768702e-01
9.27959566e-01	2.48782697e-03	9.35226152e-02	1.90019191e-01	2.92913633e-01	4.03433840e-01	5.23243207e-01	6.54689634e-01	8.01272408e-01
9.37971723e-01	2.44177243e-03	9.17221587e-02	1.86199704e-01	2.86736333e-01	3.94453006e-01	5.10852058e-01	6.38024987e-01	7.79031894e-01
9.47984011e-01	2.39693455e-03	8.99723988e-02	1.82495623e-01	2.80760979e-01	3.85793119e-01	4.98951402e-01	6.22103905e-01	7.57937418e-01
9.57996429e-01	2.35327302e-03	8.82714862e-02	1.78902278e-01	2.74978410e-01	3.77437669e-01	4.87512204e-01	6.06874735e-01	7.37893076e-01
9.68008978e-01	2.31074907e-03	8.66176534e-02	1.75415234e-01	2.69380008e-01	3.69371293e-01	4.76507805e-01	5.92290903e-01	7.18814525e-01
9.78021656e-01	2.26932543e-03	8.50092107e-02	1.72030282e-01	2.63957660e-01	3.61579671e-01	4.65913677e-01	5.78310263e-01	7.00627160e-01
9.88034466e-01	2.22896626e-03	8.34445420e-02	1.68743424e-01	2.58703715e-01	3.54049436e-01	4.55707197e-01	5.64894548e-01	6.83264645e-01
9.98047405e-01	2.18963707e-03	8.19221013e-02	1.65550856e-01	2.53610960e-01	3.46768092e-01	4.45867457e-01	5.52008901e-01	6.66667711e-01
1.00806047e+00	2.15130469e-03	8.04404092e-02	1.62448965e-01	2.48672579e-01	3.39723941e-01	4.36375096e-01	5.39621483e-01	6.50783172e-01
1.01807367e+00	2.11393720e-03	7.89980491e-02	1.59434308e-01	2.43882134e-01	3.32906021e-01	4.27212153e-01	5.27703131e-01	6.35563109e-01
1.02808701e+00	2.07750388e-03	7.75936646e-02	1.56503610e-01	2.39233534e-01	3.26304047e-01	4.18361937e-01	5.16227064e-01	6.20964184e-01
1.03810047e+00	2.04197516e-03	7.62259564e-02	1.53653747e-01	2.34721013e-01	3.19908352e-01	4.09808908e-01	5.05168630e-01	6.06947072e-01
1.04811406e+00	2.00732258e-03	7.48936791e-02	1.50881745e-01	2.30339108e-01	3.13709848e-01	4.01538577e-01	4.94505089e-01	5.93475969e-01
1.05812778e+00	1.97351873e-03	7.35956393e-02	1.48184765e-01	2.26082641e-01	3.07699978e-01	3.93537416e-01	4.84215415e-01	5.80518183e-01
1.06814163e+00	1.94053721e-03	7.23306923e-02	1.45560100e-01	2.21946699e-01	3.01870674e-01	3.85792773e-01	4.74280132e-01	5.68043781e-01
1.07815561e+00	1.90835260e-03	7.10977402e-02	1.43005165e-01	2.17926616e-01	2.96214328e-01	3.78292800e-01	4.64681165e-01	5.56025282e-01
1.08816973e+00	1.87694041e-03	6.98957297e-02	1.40517490e-01	2.14017960e-01	2.90723754e-01	3.71026390e-01	4.55401708e-01	5.44437398e-01
1.09818397e+00	1.84627703e-03	6.87236498e-02	1.38094716e-01	2.10216518e-01	2.85392159e-01	3.63983115e-01	4.46426112e-01	5.33256802e-01
1.10819834e+00	1.81633973e-03	6.75805298e-02	1.35734588e-01	2.06518280e-01	2.80213117e-01	3.57153171e-01	4.37739775e-01	5.22461933e-01
1.11821285e+00	1.78710657e-03	6.64654376e-02	1.33434949e-01	2.02919432e-01	2.75180545e-01	3.50527335e-01	4.29329061e-01	5.12032819e-01
1.12822748e+00	1.75855642e-03	6.53774778e-02	1.31193736e-01	1.99416338e-01	2.70288677e-01	3.44096919e-01	4.21181207e-01	5.01950926e-01
1.13824224e+00	1.73066890e-03	6.43157897e-02	1.29008972e-01	1.96005534e-01	2.65532046e-01	3.37853728e-01	4.13284261e-01	4.92199023e-01
1.14825714e+00	1.70342435e-03	6.32795463e-02	1.26878766e-01	1.92683717e-01	2.60905462e-01	3.31790028e-01	4.05627007e-01	4.82761062e-01
1.15827216e+00	1.67680381e-03	6.22679525e-02	1.24801306e-01	1.89447736e-01	2.56403997e-01	3.25898511e-01	3.98198913e-01	4.73622074e-01
1.16828732e+00	1.65078900e-03	6.12802433e-02	1.22774854e-01	1.86294581e-01	2.52022967e-01	3.20172265e-01	3.90990072e-01	4.64768073e-01
1.17830261e+00	1.62536225e-03	6.03156830e-02	1.20797746e-01	1.83221378e-01	2.47757916e-01	3.14604746e-01	3.83991158e-01	4.56185975e-01
1.18831802e+00	1.60050654e-03	5.93735637e-02	1.18868385e-01	1.80225382e-01	2.43604602e-01	3.09189757e-01	3.77193381e-01	4.47863519e-01
1.19833357e+00	1.57620541e-03	5.84532039e-02	1.16985238e-01	1.77303967e-01	2.39558989e-01	3.03921420e-01	3.70588449e-01	4.39789201e-01
1.20834925e+00	1.55244299e-03	5.75539474e-02	1.15146833e-01	1.74454621e-01	2.35617227e-01	2.98794157e-01	3.64168527e-01	4.31952218e-01
1.21836505e+00	1.52920395e-03	5.66751624e-02	1.13351760e-01	1.71674939e-01	2.31775646e-01	2.93802671e-01	3.57926211e-01	4.24342404e-01
1.22838099e+00	1.50647347e-03	5.58162403e-02	1.11598661e-01	1.68962621e-01	2.28030745e-01	2.88941927e-01	3.51854493e-01	4.16950192e-01
1.23839706e+00	1.48423725e-03	5.49765944e-02	1.09886233e-01	1.66315462e-01	2.24379181e-01	2.84207139e-01	3.45946738e-01	4.09766558e-01
1.24841326e+00	1.46248146e-03	5.41556597e-02	1.08213222e-01	1.63731348e-01	2.20817761e-01	2.79593748e-01	3.40196652e-01	4.02782989e-01
1.25842959e+00	1.44119276e-03	5.33528911e-02	1.06578426e-01	1.61208255e-01	2.17343433e-01	2.75097414e-01	3.34598269e-01	3.95991443e-01
1.26844605e+00	1.42035822e-03	5.25677632e-02	1.04980684e-01	1.58744240e-01	2.13953281e-01	2.70714002e-01	3.29145920e-01	3.89384315e-01
1.27846264e+00	1.39996536e-03	5.17997692e-02	1.03418882e-01	1.56337438e-01	2.10644511e-01	2.66439566e-01	3.23834220e-01	3.82954406e-01
1.28847936e+00	1.38000212e-03	5.10484203e-02	1.01891948e-01	1.53986060e-01	2.07414453e-01	2.62270345e-01	3.18658049e-01	3.76694899e-01
1.29849621e+00	1.36045683e-03	5.03132445e-02	1.00398848e-01	1.51688387e-01	2.04260546e-01	2.58202743e-01	3.13612534e-01	3.70599326e-01
1.30851319e+00	1.34131820e-03	4.95937865e-02	9.89385890e-02	1.49442770e-01	2.01180341e-01	2.54233328e-01	3.08693033e-01	3.64661553e-01
1.31853030e+00	1.32257531e-03	4.88896067e-02	9.75102116e-02	1.47247621e-01	1.98171486e-01	2.50358819e-01	3.03895125e-01	3.58875752e-01
1.32854754e+00	1.30421758e-03	4.82002805e-02	9.61127929e-02	1.45101415e-01	1.95231728e-01	2.46576078e-01	2.99214592e-01	3.53236385e-01
1.33856492e+00	1.28623481e-03	4.75253979e-02	9.47454432e-02	1.43002687e-01	1.92358905e-01	2.42882101e-01	2.94647410e-01	3.47738182e-01
1.34858242e+00	1.26861708e-03	4.68645628e-02	9.34073046e-02	1.40950024e-01	1.89550943e-01	2.39274015e-01	2.90189740e-01	3.42376129e-01
1.35860005e+00	1.25135482e-03	4.62173923e-02	9.20975497e-02	1.38942069e-01	1.86805848e-01	2.35749065e-01	2.85837909e-01	3.37145448e-01
1.36861782e+00	1.23443875e-03	4.55835165e-02	9.08153803e-02	1.36977514e-01	1.84121707e-01	2.32304613e-01	2.81588412e-01	3.32041586e-01
1.37863571e+00	1.21785988e-03	4.49625777e-02	8.95600264e-02	1.35055102e-01	1.81496681e-01	2.28938128e-01	2.77437892e-01	3.27060199e-01
1.38865373e+00	1.20160952e-03	4.43542301e-02	8.83307446e-02	1.33173618e-01	1.78929001e-01	2.25647185e-01	2.73383140e-01	3.22197141e-01
1.39867189e+00	1.18567924e-03	4.37581393e-02	8.71268172e-02	1.31331895e-01	1.76416967e-01	2.22429453e-01	2.69421081e-01	3.17448453e-01
1.40869018e+00	1.17006086e-03	4.31739817e-02	8.59475513e-02	1.29528807e-01	1.73958944e-01	2.19282697e-01	2.65548771e-01	3.12810352e-01
1.41870859e+00	1.15474648e-03	4.26014443e-02	8.47922774e-02	1.27763266e-01	1.71553357e-01	2.16204771e-01	2.61763390e-01	3.08279218e-01
1.42872714e+00	1.13972842e-03	4.20402241e-02	8.36603489e-02	1.26034225e-01	1.69198691e-01	2.13193610e-01	2.58062230e-01	3.03851592e-01
1.43874581e+00	1.12499924e-03	4.14900280e-02	8.25511407e-02	1.24340674e-01	1.66893485e-01	2.10247231e-01	2.54442696e-01	2.99524159e-01
1.44876462e+00	1.11055175e-03	4.09505720e-02	8.14640486e-02	1.22681637e-01	1.64636333e-01	2.07363727e-01	2.50902297e-01	2.95293747e-01
1.45878356e+00	1.09637894e-03	4.04215813e-02	8.03984886e-02	1.21056173e-01	1.62425881e-01	2.04541263e-01	2.47438642e-01	2.91157315e-01
1.46880263e+00	1.08247403e-03	3.99027897e-02	7.93538957e-02	1.19463373e-01	1.60260821e-01	2.01778073e-01	2.44049432e-01	2.87111948e-01
1.47882183e+00	1.06883045e-03	3.93939392e-02	7.83297234e-02	1.17902358e-01	1.58139894e-01	1.99072457e-01	2.40732459e-01	2.83154850e-01
1.48884116e+00	1.05544183e-03	3.88947801e-02	7.73254430e-02	1.16372279e-01	1.56061885e-01	1.96422779e-01	2.37485601e-01	2.79283337e-01
1.49886062e+00	1.04230196e-03	3.84050702e-02	7.63405429e-02	1.14872318e-01	1.54025620e-01	1.93827460e-01	2.34306815e-01	2.75494834e-01
1.50888021e+00	1.02940485e-03	3.79245749e-02	7.53745277e-02	1.13401681e-01	1.52029969e-01	1.91284982e-01	2.31194138e-01	2.71786865e-01
1.51889993e+00	1.01674465e-03	3.74530666e-02	7.44269181e-02	1.11959603e-01	1.50073837e-01	1.88793877e-01	2.28145678e-01	2.68157053e-01
1.52891978e+00	1.00431571e-03	3.69903248e-02	7.34972495e-02	1.10545342e-01	1.48156169e-01	1.86352734e-01	2.25159615e-01	2.64603113e-01
1.53893976e+00	9.92112543e-04	3.65361355e-02	7.25850723e-02	1.09158181e-01	1.46275946e-01	1.83960189e-01	2.22234194e-01	2.61122845e-01
1.54895987e+00	9.80129798e-04	3.60902913e-02	7.16899507e-02	1.07797427e-01	1.44432183e-01	1.81614926e-01	2.19367726e-01	2.57714134e-01
1.55898011e+00	9.68362297e-04	3.56525910e-02	7.08114626e-02	1.06462408e-01	1.42623926e-01	1.79315676e-01	2.16558581e-01	2.54374946e-01
1.56900049e+00	9.56805007e-04	3.52228391e-02	6.99491986e-02	1.05152475e-01	1.40850256e-01	1.77061211e-01	2.13805189e-01	2.51103319e-01
1.57902099e+00	9.45453037e-04	3.48008462e-02	6.91027622e-02	1.03866998e-01	1.39110281e-01	1.74850349e-01	2.11106035e-01	2.47897365e-01
1.58904162e+00	9.34301634e-04	3.43864283e-02	6.82717687e-02	1.02605368e-01	1.37403140e-01	1.72681944e-01	2.08459656e-01	2.44755265e-01
1.59906239e+00	9.23346182e-04	3.39794069e-02	6.74558452e-02	1.01366994e-01	1.35728000e-01	1.70554890e-01	2.05864641e-01	2.41675264e-01
1.60908328e+00	9.12582193e-04	3.35796086e-02	6.66546298e-02	1.00151305e-01	1.34084054e-01	1.68468119e-01	2.03319628e-01	2.38655672e-01
1.61910431e+00	9.02005304e-04	3.31868649e-02	6.58677717e-02	9.89577462e-02	1.32470521e-01	1.66420596e-01	2.00823300e-01	2.35694858e-01
1.62912546e+00	8.91611275e-04	3.28010123e-02	6.50949303e-02	9.77857805e-02	1.30886645e-01	1.64411322e-01	1.98374387e-01	2.32791246e-01
1.63914675e+00	8.81395982e-04	3.24218921e-02	6.43357751e-02	9.66348867e-02	1.29331693e-01	1.62439330e-01	1.95971659e-01	2.29943317e-01
1.64916817e+00	8.71355416e-04	3.20493497e-02	6.35899853e-02	9.55045598e-02	1.27804956e-01	1.60503684e-01	1.93613929e-01	2.27149605e-01
1.65918972e+00	8.61485677e-04	3.16832353e-02	6.28572495e-02	9.43943099e-02	1.26305746e-01	1.58603476e-01	1.91300049e-01	2.24408692e-01
1.66921139e+00	8.51782971e-04	3.13234031e-02	6.21372653e-02	9.33036615e-02	1.24833398e-01	1.56737831e-01	1.89028908e-01	2.21719209e-01
1.67923320e+00	8.42243608e-04	3.09697114e-02	6.14297390e-02	9.22321535e-02	1.23387265e-01	1.54905898e-01	1.86799430e-01	2.19079832e-01
1.68925514e+00	8.32863998e-04	3.06220225e-02	6.07343852e-02	9.11793384e-02	1.21966720e-01	1.53106854e-01	1.84610577e-01	2.16489283e-01
1.69927721e+00	8.23640647e-04	3.02802024e-02	6.00509269e-02	9.01447815e-02	1.20571158e-01	1.51339901e-01	1.82461341e-01	2.13946325e-01
1.70929941e+00	8.14570154e-04	2.99441208e-02	5.93790948e-02	8.91280611e-02	1.19199988e-01	1.49604268e-01	1.80350748e-01	2.11449760e-01
1.71932174e+00	8.05649210e-04	2.96136511e-02	5.87186270e-02	8.81287676e-02	1.17852638e-01	1.47899204e-01	1.78277854e-01	2.08998432e-01
1.72934420e+00	7.96874592e-04	2.92886702e-02	5.80692693e-02	8.71465032e-02	1.16528555e-01	1.46223983e-01	1.76241744e-01	2.06591220e-01
1.73936679e+00	7.88243164e-04	2.89690580e-02	5.74307742e-02	8.61808813e-02	1.15227200e-01	1.44577902e-01	1.74241533e-01	2.04227039e-01
1.74938952e+00	7.79751870e-04	2.86546979e-02	5.68029014e-02	8.52315267e-02	1.13948049e-01	1.42960275e-01	1.72276361e-01	2.01904838e-01
1.75941237e+00	7.71397736e-04	2.83454765e-02	5.61854170e-02	8.42980744e-02	1.12690596e-01	1.41370441e-01	1.70345396e-01	1.99623601e-01
1.76943535e+00	7.63177865e-04	2.80412831e-02	5.55780936e-02	8.33801698e-02	1.11454348e-01	1.39807756e-01	1.68447832e-01	1.97382341e-01
1.77945847e+00	7.55089434e-04	2.77420103e-02	5.49807098e-02	8.24774683e-02	1.10238825e-01	1.38271596e-01	1.66582884e-01	1.95180104e-01
1.78948171e+00	7.47129693e-04	2.74475534e-02	5.43930505e-02	8.15896346e-02	1.09043564e-01	1.36761353e-01	1.64749794e-01	1.93015964e-01
1.79950508e+00	7.39295964e-04	2.71578103e-02	5.38149061e-02	8.07163430e-02	1.07868110e-01	1.35276441e-01	1.62947825e-01	1.90889023e-01
1.80952859e+00	7.31585636e-04	2.68726818e-02	5.32460729e-02	7.98572764e-02	1.06712027e-01	1.33816287e-01	1.61176261e-01	1.88798411e-01
1.81955223e+00	7.23996164e-04	2.65920711e-02	5.26863523e-02	7.90121266e-02	1.05574885e-01	1.32380335e-01	1.59434409e-01	1.86743284e-01
1.82957599e+00	7.16525069e-04	2.63158840e-02	5.21355513e-02	7.81805937e-02	1.04456271e-01	1.30968046e-01	1.57721595e-01	1.84722821e-01
1.83959989e+00	7.09169933e-04	2.60440288e-02	5.15934817e-02	7.73623858e-02	1.03355780e-01	1.29578895e-01	1.56037164e-01	1.82736230e-01
1.84962392e+00	7.01928399e-04	2.57764160e-02	5.10599604e-02	7.65572188e-02	1.02273020e-01	1.28212374e-01	1.54380480e-01	1.80782737e-01
1.85964808e+00	6.94798169e-04	2.55129585e-02	5.05348090e-02	7.57648164e-02	1.01207609e-01	1.26867986e-01	1.52750926e-01	1.78861593e-01
1.86967236e+00	6.87777003e-04	2.52535713e-02	5.00178538e-02	7.49849093e-02	1.00159176e-01	1.25545251e-01	1.51147902e-01	1.76972073e-01
1.87969678e+00	6.80862714e-04	2.49981716e-02	4.95089255e-02	7.42172357e-02	9.91273576e-02	1.24243698e-01	1.49570824e-01	1.75113468e-01
1.88972133e+00	6.74053171e-04	2.47466787e-02	4.90078593e-02	7.34615403e-02	9.81118035e-02	1.22962874e-01	1.48019126e-01	1.73285093e-01
1.89974601e+00	6.67346295e-04	2.44990140e-02	4.85144943e-02	7.27175746e-02	9.71121708e-02	1.21702334e-01	1.46492257e-01	1.71486282e-01
1.90977082e+00	6.60740055e-04	2.42551006e-02	4.80286741e-02	7.19850966e-02	9.61281260e-02	1.20461648e-01	1.44989681e-01	1.69716385e-01
1.91979577e+00	6.54232474e-04	2.40148637e-02	4.75502458e-02	7.12638704e-02	9.51593444e-02	1.19240395e-01	1.43510876e-01	1.67974774e-01
1.92982084e+00	6.47821620e-04	2.37782305e-02	4.70790608e-02	7.05536663e-02	9.42055098e-02	1.18038168e-01	1.42055336e-01	1.66260836e-01
1.93984604e+00	6.41505606e-04	2.35451296e-02	4.66149739e-02	6.98542605e-02	9.32663144e-02	1.16854568e-01	1.40622568e-01	1.64573975e-01
1.94987137e+00	6.35282594e-04	2.33154916e-02	4.61578436e-02	6.91654346e-02	9.23414581e-02	1.15689209e-01	1.39212090e-01	1.62913613e-01
1.95989684e+00	6.29150787e-04	2.30892487e-02	4.57075320e-02	6.84869761e-02	9.14306487e-02	1.14541714e-01	1.37823437e-01	1.61279187e-01
1.96992243e+00	6.23108432e-04	2.28663349e-02	4.52639045e-02	6.78186775e-02	9.05336014e-02	1.13411715e-01	1.36456153e-01	1.59670147e-01
1.97994816e+00	6.17153816e-04	2.26466855e-02	4.48268298e-02	6.71603366e-02	8.96500388e-02	1.12298855e-01	1.35109795e-01	1.58085962e-01
1.98997401e+00	6.11285269e-04	2.24302376e-02	4.43961798e-02	6.65117564e-02	8.87796902e-02	1.11202786e-01	1.33783934e-01	1.56526112e-01
2.00000000e+00	6.05501158e-04	2.22169297e-02	4.39718296e-02	6.58727445e-02	8.79222921e-02	1.10123168e-01	1.32478148e-01	1.54990092e-01
